,Column1,Unnamed: 0,gaussianprocesses,pyKriging,GPy
0,0,0,69.847012265,1740.1712715625763,52.71405267715454
1,1,1,0.196886932,4.968297004699707,0.016968965530395508
